1) Insufficient sleep at night?,2) Do you haven't any income source? ,3) Are you worrying too much about your CGPA? ,4) Are you feeling stress for your dropout? ,5) Are you overburdened with your varsity course curriculum?  ,6) Are you finding you class lectures too much difficult for you? ,7) Are you feeling that you have gotten into a wrong subject area?,8) Aren't you satisfied with your academic residence? ,"9)Aren't you satisfied with your food, supplies in your resident? ",10) Aren't there any Psychological therapist at your University? ,11) Do you hesitate Share your academic issues with your parents? ,12) Do you belong to a poor financial background? ,"13)	Do you hae very poor extra curriculum activities? ",14)Don't  have any sports facility in your university campus? ,15)Do you  avoid cultural program more often? ,16)Haven't you more friends to hangout? ,"17)	Do you feeling hesitated sharing your personal problems with your friends? ","18)	Have you often been harassed by your teacher or senior? ",19)Did you never meet your teachers for counselling? ,"20)	Are you worried about your final year project/thesis/internship? ","21)	Do you feel Unsafe for your University political issues? ","22)	Do you often try any kind of drug while you are on mental Stress? ","23)	Feeling tired at little work or having little energy? ","24)	Do you feeling frustrated about your poor realistic skill? ","25)	Are you stressed with any of your interpersonal relationship? ","26)	Do you spend too much time in social media websites? ",Depressed
0,1,0,0,1,0,0,1,1,1,1,1,1,1,1,1,1,1,1,1,0,0,1,1,0,1,1
1,0,0,0,0,1,0,1,1,1,1,0,0,0,1,1,1,0,0,1,0,0,1,1,1,1,1
1,1,0,0,0,1,0,1,1,1,0,0,1,1,1,0,1,0,1,1,1,0,1,1,1,1,1
1,1,1,0,1,0,0,0,0,0,0,1,1,0,1,1,1,1,1,0,0,0,0,1,1,1,1
0,1,0,0,0,1,0,1,1,1,1,1,1,0,1,0,0,0,1,1,0,0,1,0,0,1,1
1,0,0,0,1,0,0,1,1,0,1,0,0,0,1,1,0,0,1,1,0,0,1,1,1,1,1
0,1,0,0,0,0,0,1,1,1,0,1,1,0,1,1,0,1,0,1,0,0,1,1,1,1,1
0,1,1,0,0,0,0,1,0,0,0,0,0,0,0,0,0,0,1,1,1,0,0,1,0,0,0
0,1,1,0,0,0,0,0,0,0,0,0,1,1,1,0,0,0,1,1,0,0,1,1,0,1,0
0,1,0,0,0,0,1,0,1,0,0,0,1,0,1,1,0,0,1,1,0,0,0,1,0,1,0
0,1,0,0,1,0,0,0,0,0,0,0,0,0,1,0,1,0,0,1,0,0,0,1,0,1,0
1,0,1,0,0,0,0,0,0,0,0,0,1,0,1,0,1,0,1,1,0,0,1,1,1,0,0
1,0,1,0,1,0,1,0,1,0,1,1,0,1,0,0,1,0,1,1,0,0,0,0,1,1,1
0,1,1,1,0,1,1,1,1,1,1,1,1,0,1,0,0,0,0,1,0,0,1,0,1,0,1
1,0,0,0,0,0,0,0,0,1,0,0,0,0,0,0,1,0,1,0,1,1,0,0,0,1,0
1,1,1,1,0,0,0,1,1,1,0,0,0,0,0,1,0,1,0,1,1,0,0,0,0,0,0
0,1,1,1,0,0,1,1,1,1,1,0,0,0,0,1,1,0,1,0,0,1,0,1,0,1,1
1,1,1,0,1,0,0,1,1,0,0,0,0,0,0,0,0,0,0,1,0,1,1,0,0,1,0
1,1,1,0,1,0,0,1,1,0,0,0,0,0,0,0,0,0,0,1,0,1,1,0,0,1,0
1,1,1,0,0,0,0,0,1,0,0,0,0,0,1,1,0,0,1,1,1,0,0,0,0,1,0
1,1,1,0,0,0,0,0,1,0,0,0,0,0,1,1,0,0,1,1,1,0,0,0,0,1,0
0,1,0,0,1,1,1,0,0,1,0,0,0,0,0,1,0,0,1,0,0,0,1,1,1,0,0
1,0,0,0,1,1,1,0,0,1,0,0,0,0,0,1,1,0,1,0,0,0,1,1,1,0,0
0,1,0,0,1,0,0,1,1,0,0,0,1,0,1,0,0,0,1,1,0,0,1,1,0,1,0
0,0,0,0,1,0,0,1,1,0,0,0,1,0,0,0,0,0,1,0,0,0,0,0,0,0,0
1,1,1,1,1,0,1,1,1,0,0,1,0,0,0,1,1,0,0,1,1,0,1,1,0,1,1
1,0,1,0,0,0,1,1,1,0,0,1,0,0,0,1,1,0,1,1,1,0,1,1,1,1,1
1,0,1,0,0,0,1,0,0,0,0,0,0,1,0,1,0,0,1,1,1,0,1,1,0,1,0
0,1,0,0,0,0,0,0,0,1,1,0,0,0,0,0,0,0,0,0,0,0,0,0,0,0,0
0,0,0,0,1,0,1,1,0,1,0,0,0,0,1,0,0,0,0,0,1,0,0,0,0,0,0
0,1,0,0,1,1,0,0,0,1,0,0,0,1,1,0,0,0,1,1,1,0,0,1,1,0,0
1,1,1,0,1,1,0,0,1,1,0,1,0,1,1,1,1,0,0,0,1,0,1,0,0,1,1
0,0,1,0,0,0,0,0,0,1,1,0,0,1,0,0,0,0,0,0,0,0,0,1,1,1,0
0,1,1,1,0,0,0,1,0,1,0,0,1,0,1,0,1,1,1,1,1,0,1,0,0,0,1
1,0,1,1,0,0,1,0,1,1,1,1,1,1,1,0,0,0,1,0,0,0,1,1,0,1,1
0,0,1,1,1,0,0,1,0,1,0,1,1,0,1,1,1,0,0,1,0,0,1,1,0,1,1
0,1,1,1,0,0,0,0,0,1,0,0,1,0,1,0,0,1,0,0,1,0,0,1,0,0,0
0,0,1,0,0,0,0,0,0,1,1,1,1,0,0,0,0,0,1,1,0,0,0,0,0,0,0
0,0,1,0,0,0,0,0,0,1,0,0,1,0,1,1,0,0,0,0,0,0,0,0,0,0,0
1,1,0,0,0,0,1,0,1,1,1,0,0,0,0,0,0,0,0,0,0,0,0,0,0,0,0
0,0,0,0,0,0,1,1,1,1,0,0,1,1,1,1,1,0,0,1,0,0,1,0,0,1,1
1,0,1,1,1,0,1,1,1,1,1,1,1,0,1,0,1,0,1,1,1,1,1,1,0,0,1
1,0,0,0,0,0,0,1,0,1,1,0,1,0,0,1,0,0,1,0,1,0,0,0,1,0,0
1,0,1,0,1,0,1,1,0,1,0,0,0,0,0,1,0,0,1,1,1,0,0,0,0,1,0
0,1,0,0,0,0,0,1,0,1,1,0,1,1,1,1,1,0,1,1,0,0,1,1,1,0,1
0,0,0,0,0,0,0,0,0,1,0,1,0,1,1,1,1,0,1,0,0,0,0,0,0,0,0
0,1,1,0,0,0,0,1,1,1,0,0,1,0,1,1,1,0,1,1,1,0,0,1,0,1,1
0,1,0,0,0,1,0,1,1,1,0,0,0,0,1,0,0,0,1,0,1,0,1,0,0,0,0
1,1,1,0,1,0,1,1,0,1,0,0,1,0,1,0,0,0,1,0,0,0,1,0,0,1,1
0,0,0,0,1,0,1,0,0,1,0,0,1,0,1,0,0,0,1,1,0,0,0,0,0,1,0
1,1,0,0,1,0,0,0,1,1,0,1,1,0,1,0,1,1,0,0,1,0,1,1,1,0,1
0,0,1,0,1,0,0,0,0,1,0,0,0,0,0,0,1,0,1,1,0,0,1,1,1,1,0
1,1,0,0,0,1,1,1,1,1,1,1,0,1,0,1,1,0,0,1,1,0,0,1,1,0,1
0,1,0,0,0,0,0,1,0,1,0,0,1,0,1,0,0,0,1,1,1,0,1,0,0,0,0
1,1,1,0,1,1,0,1,0,1,1,1,0,0,1,1,1,1,1,1,0,0,0,0,1,0,1
1,0,0,0,0,0,0,0,1,1,0,0,0,0,1,1,0,1,1,0,0,0,1,0,0,0,0
0,1,1,0,1,0,1,0,0,1,0,0,1,0,1,0,0,0,1,1,0,0,0,0,0,1,0
0,1,0,0,0,1,0,1,1,1,0,1,0,1,0,0,0,0,0,0,0,0,1,1,0,1,0
1,0,0,1,1,0,0,0,1,1,1,1,0,1,0,0,1,1,1,0,0,1,0,1,0,1,1
1,0,1,0,1,1,0,0,1,1,0,0,0,0,1,1,0,1,1,1,0,0,1,1,0,1,1
1,1,0,1,0,0,1,0,0,1,1,0,0,0,0,0,0,0,0,0,0,0,0,0,0,1,0
1,1,1,0,0,1,0,0,1,1,0,1,0,0,0,0,0,1,1,1,0,0,0,0,1,1,1
0,1,1,0,1,1,0,1,1,1,0,1,0,0,1,0,1,0,1,1,1,0,1,0,1,0,1
1,1,1,1,1,1,1,1,1,1,1,1,0,1,1,0,0,0,1,0,0,1,0,0,1,1,1
0,0,1,1,0,0,0,0,1,1,1,1,0,1,1,0,0,0,1,0,0,1,0,0,0,0,0
0,1,0,0,0,0,0,1,0,1,1,0,0,0,0,0,1,0,0,0,0,1,0,0,1,0,0
1,1,1,0,0,0,0,1,0,1,0,0,0,1,0,0,1,0,0,1,0,0,1,1,0,0,0
1,0,1,1,0,0,1,0,0,1,0,0,0,1,1,0,0,0,1,1,0,0,0,1,0,1,0
1,0,1,0,0,0,0,1,0,1,0,0,1,1,1,0,0,0,0,1,0,1,0,0,0,0,0
0,0,0,0,1,0,0,0,0,1,0,1,0,0,0,0,0,0,0,0,0,0,0,0,0,1,0
0,1,0,0,1,0,0,1,0,1,0,1,1,0,0,0,0,0,1,0,0,0,1,1,1,1,0
0,0,1,1,1,1,1,0,0,1,1,1,0,1,1,1,0,0,0,1,0,0,0,1,1,0,1
0,0,0,0,1,0,0,0,0,1,0,1,1,0,0,0,0,0,1,1,0,0,1,1,0,1,0
1,0,1,0,0,1,1,1,1,1,0,1,0,0,0,0,1,0,1,1,1,1,1,0,1,1,1
1,1,0,0,0,0,0,1,0,1,1,0,0,0,0,0,0,0,0,0,1,0,1,0,0,0,0
0,0,0,1,0,0,0,1,0,1,0,1,0,0,0,0,1,0,0,1,0,0,0,0,0,0,0
1,0,0,0,1,0,0,0,1,1,1,1,0,0,1,0,0,0,0,1,1,0,1,1,1,1,1
0,1,1,0,1,0,1,1,1,1,0,0,0,1,0,0,1,0,1,1,0,0,0,0,0,1,1
0,0,0,0,0,0,1,1,0,1,0,0,1,0,1,1,1,1,1,0,1,0,0,1,1,0,1
0,0,0,0,1,1,1,1,1,1,0,0,0,1,1,0,1,0,0,1,0,0,1,0,0,1,1
0,0,0,0,0,0,0,0,0,1,0,0,1,1,0,0,0,1,1,1,1,1,1,1,1,0,0
1,1,0,0,1,0,0,1,0,1,0,0,1,0,1,0,1,0,0,1,0,0,0,1,0,0,0
0,0,1,0,1,0,0,0,0,1,1,1,0,0,1,1,1,0,0,1,1,0,1,1,0,1,1
1,1,0,0,1,1,1,1,1,1,1,1,1,1,1,1,1,0,1,1,1,0,1,1,1,1,1
0,0,1,1,1,0,0,1,0,1,0,0,1,0,0,1,1,0,0,1,0,0,0,0,1,1,0
0,0,0,0,0,0,0,1,0,1,0,0,0,0,0,0,0,0,1,0,1,0,0,0,0,0,0
0,0,0,0,1,0,0,0,1,1,1,1,0,0,0,0,1,0,1,1,0,0,0,1,1,1,0
0,0,0,0,1,1,1,1,0,1,0,1,1,0,1,0,0,0,0,1,0,1,1,1,1,1,1
0,1,1,1,0,0,0,0,0,1,0,0,0,1,0,0,1,0,1,1,0,0,0,0,0,0,0
0,1,0,1,0,1,1,0,0,1,1,1,1,0,1,0,1,0,1,0,0,0,1,1,1,1,1
1,1,1,0,0,0,0,0,1,1,0,1,1,1,1,0,0,0,1,1,0,0,0,1,1,1,1
0,0,0,1,1,1,1,0,1,1,1,1,1,1,1,1,1,0,1,1,0,0,1,1,0,1,1
0,1,1,0,1,1,1,0,1,1,0,0,0,1,1,0,0,1,0,1,1,1,1,1,1,1,1
0,0,0,1,1,1,1,1,0,1,1,0,1,1,1,1,1,0,1,0,0,0,1,1,1,0,1
0,0,0,0,0,1,0,0,1,1,0,0,1,1,1,1,0,0,1,0,0,0,0,0,0,0,0
1,1,1,0,1,0,1,1,0,1,0,0,1,0,1,0,1,0,1,1,0,0,1,0,1,1,1
1,1,1,0,1,0,1,1,0,1,0,0,1,0,1,0,1,0,1,1,0,0,1,0,1,1,1
0,1,0,0,0,0,0,0,0,1,1,0,0,0,0,0,0,0,1,0,0,0,0,0,1,1,0
0,0,0,1,0,0,0,0,1,1,0,1,1,0,1,1,1,0,1,1,1,0,0,1,1,0,1
0,0,1,1,0,0,0,1,1,1,0,1,0,1,0,0,0,1,0,0,1,1,1,1,0,1,1
0,0,0,0,0,0,0,0,1,1,0,0,0,0,0,0,0,0,1,0,0,0,0,0,0,1,0
1,0,1,1,1,0,1,0,0,1,1,0,0,0,1,0,1,0,1,1,1,0,1,1,1,1,1
1,1,0,0,0,0,0,0,1,1,0,0,1,1,1,0,1,0,0,1,1,0,0,0,0,1,0
0,0,0,0,0,1,1,0,0,1,1,1,1,1,1,0,1,1,0,1,1,0,1,1,0,0,1
0,0,0,0,0,0,0,0,1,1,1,0,1,1,0,1,0,0,1,0,0,0,0,1,0,0,0
1,0,0,0,0,0,1,0,0,1,1,0,1,0,1,1,1,0,1,1,1,0,0,0,1,1,1
0,0,0,0,0,0,1,0,1,1,1,0,1,1,1,0,1,0,0,0,0,1,1,1,0,0,0
0,0,1,0,0,1,0,1,0,1,0,0,0,0,0,0,1,1,0,0,1,0,1,0,0,1,0
0,1,0,0,1,0,0,0,1,1,1,0,0,1,0,0,1,0,1,0,1,0,0,0,0,0,0
1,1,1,1,1,1,1,0,1,1,0,1,0,1,0,1,1,0,1,0,0,0,0,0,0,0,1
0,0,0,0,0,0,0,1,1,1,1,1,1,1,1,1,0,0,1,0,0,0,0,0,0,0,0
1,1,1,1,1,1,1,1,1,1,1,1,1,1,1,0,0,0,1,1,1,1,1,1,1,1,1
1,0,0,0,0,0,0,0,0,1,0,0,1,0,1,0,0,0,1,1,1,0,0,0,0,1,0
1,1,0,0,0,0,1,0,0,1,1,0,1,0,0,1,1,0,1,0,0,0,0,0,0,1,0
1,0,1,1,1,0,0,1,1,1,0,1,0,0,1,1,1,1,0,1,1,0,1,0,0,1,1
1,0,0,0,0,0,0,0,0,1,0,0,0,0,1,0,0,0,0,1,0,1,0,0,1,1,0
1,0,1,1,1,0,0,1,0,1,0,0,0,1,1,0,0,0,1,1,1,0,1,1,0,0,1
1,1,0,0,1,0,1,1,0,1,0,0,0,0,0,0,1,0,1,0,1,0,0,1,1,1,1
0,0,0,0,1,1,1,0,0,1,1,0,1,0,0,1,1,0,1,1,0,0,0,0,0,1,0
1,0,0,0,1,0,0,0,1,1,1,1,0,1,1,0,0,0,1,0,0,0,1,0,0,0,0
1,0,0,1,1,0,1,1,0,1,1,1,0,0,1,1,1,1,1,0,0,0,1,1,1,0,1
1,1,0,1,1,0,0,1,1,1,0,1,0,0,0,0,1,0,1,1,0,0,0,0,0,0,0
1,1,0,1,1,1,0,0,1,1,1,0,0,0,1,0,1,1,0,1,0,0,1,1,1,1,1
0,1,0,1,1,0,1,1,1,1,0,1,0,0,1,1,1,0,1,1,1,0,1,1,1,1,1
1,1,1,0,1,0,1,1,1,1,0,1,1,1,1,0,1,0,0,1,1,0,1,1,0,1,1
0,1,1,0,0,0,0,0,0,1,0,1,0,0,0,0,1,0,0,0,0,0,0,0,0,1,0
0,1,0,0,0,0,0,0,1,1,0,0,1,0,0,0,1,0,1,1,0,0,0,1,0,0,0
0,0,0,0,0,0,0,0,1,1,0,1,0,0,0,0,0,0,1,0,0,0,0,1,0,1,0
1,1,0,0,1,0,1,0,1,1,0,1,0,0,0,0,1,0,1,1,0,0,1,1,0,1,1
0,0,0,0,1,0,0,0,1,1,0,0,1,0,0,1,0,0,1,0,0,0,0,0,0,0,0
1,1,0,0,1,1,1,0,1,1,0,0,0,0,1,1,1,0,0,1,0,0,1,1,0,0,1
1,0,0,0,0,0,1,1,1,1,0,0,1,1,1,1,0,0,1,0,0,0,0,0,0,1,0
0,1,0,0,1,0,1,1,1,1,1,1,0,1,0,1,1,0,1,0,0,0,1,1,0,0,1
1,1,0,0,1,0,0,1,0,1,1,1,0,1,1,1,0,0,1,0,1,1,1,1,1,1,1
0,0,0,0,0,0,0,0,0,1,0,1,0,1,0,0,0,0,0,0,0,0,0,0,0,1,0
0,0,0,0,0,0,1,1,1,1,0,1,1,1,1,0,1,0,1,1,0,1,1,1,0,1,1
1,1,0,0,1,0,0,1,1,1,1,0,1,1,1,0,0,0,1,0,1,0,1,0,0,1,1
0,1,0,0,1,1,1,1,1,1,0,0,1,1,1,1,1,0,1,1,1,1,1,0,0,0,1
0,1,0,0,0,0,0,0,0,1,1,0,0,0,0,1,1,0,0,0,0,0,0,0,0,0,0
1,0,0,0,1,0,0,1,1,1,1,1,0,1,0,0,0,0,1,0,0,0,0,1,0,1,0
0,0,0,0,0,0,0,0,0,1,0,0,0,0,0,0,0,0,0,0,1,0,0,0,0,1,0
1,0,0,0,0,0,0,1,0,1,1,0,1,1,0,0,1,0,1,0,0,0,0,0,0,0,0
1,1,1,1,1,0,1,1,0,1,1,0,1,1,0,0,1,0,1,0,1,0,1,1,0,1,1
0,0,1,0,0,0,0,0,0,1,0,0,0,0,1,0,0,0,1,0,0,0,0,0,0,1,0
0,1,0,0,0,1,1,1,0,1,1,0,1,1,0,1,1,0,1,1,0,0,0,1,0,1,1
0,1,1,0,0,0,0,0,1,1,0,0,1,0,1,1,0,0,1,0,0,0,0,1,0,0,0
0,1,0,0,0,0,1,1,0,1,0,0,0,0,1,0,0,0,1,0,0,0,1,0,0,0,0
1,0,1,0,1,1,1,1,0,1,0,1,0,1,1,1,0,1,1,1,0,0,1,1,0,1,1
0,1,0,0,1,0,0,1,1,1,1,1,1,0,0,0,1,0,1,1,0,0,0,1,1,0,1
0,0,0,0,1,0,0,1,1,1,1,0,0,0,0,0,0,0,1,1,1,0,0,0,0,0,0
1,1,1,0,1,0,1,1,1,1,0,0,1,0,1,1,0,0,1,0,0,0,0,0,0,1,1
0,0,1,0,0,0,0,0,1,1,0,0,0,1,1,0,0,0,1,1,0,1,1,1,1,1,1
1,0,1,0,0,1,1,1,0,1,1,0,1,0,1,0,1,0,1,0,0,1,0,0,1,1,1
0,0,0,0,1,1,0,1,1,1,1,0,1,0,1,1,0,0,1,0,0,0,0,0,0,0,0
0,1,1,0,0,0,0,0,0,1,0,0,0,0,1,0,0,0,1,0,0,0,1,0,0,1,0
1,0,0,0,0,0,0,1,1,1,0,1,1,1,1,1,0,0,0,1,1,0,0,1,0,0,1
0,0,0,0,1,0,0,1,1,1,0,1,1,0,0,0,0,0,1,1,0,0,1,1,0,1,0
0,0,0,0,0,1,0,1,0,1,0,0,1,0,1,0,0,0,1,1,0,0,1,1,0,1,0
0,0,1,0,1,0,0,1,1,1,0,1,1,0,1,1,0,0,0,1,1,0,1,1,1,0,1
0,0,1,0,0,1,1,1,1,1,0,1,0,1,0,1,1,0,1,1,0,0,1,1,0,1,1
0,1,1,0,0,1,1,1,1,1,0,1,1,0,1,1,0,0,1,1,0,0,1,1,1,1,1
1,0,1,1,1,1,1,0,0,1,0,0,0,1,0,0,1,1,0,1,1,1,1,1,1,1,1
1,0,0,0,0,1,0,1,0,1,0,0,1,0,1,1,0,0,1,1,0,0,1,1,0,1,1
1,0,1,0,0,0,1,1,0,1,0,0,1,1,1,0,0,0,1,0,1,0,0,0,0,0,0
0,0,0,1,1,1,1,0,0,1,1,1,0,1,0,1,0,1,0,0,1,1,1,1,0,1,1
1,0,0,0,0,1,1,0,1,1,1,0,0,1,1,1,0,0,1,1,1,0,1,1,1,1,1
1,0,1,0,0,1,0,0,1,1,1,1,1,0,1,0,1,0,1,1,1,0,0,1,0,1,1
1,0,0,0,0,1,0,1,1,1,1,0,1,0,1,0,1,0,1,0,1,0,0,0,0,1,1
0,1,0,1,1,1,1,1,0,1,1,0,1,1,1,1,1,0,1,0,0,0,1,1,1,1,1
1,1,1,0,0,1,0,0,0,1,1,1,1,0,1,0,1,0,1,1,0,0,1,1,0,1,1
1,1,1,1,0,0,0,1,1,1,1,0,1,0,0,0,1,0,1,0,1,0,0,1,0,1,1
1,0,1,0,0,1,1,1,1,1,0,0,0,0,0,1,0,0,1,0,1,0,0,1,1,1,1
1,0,0,0,0,0,0,1,1,1,1,0,1,1,1,0,0,1,1,1,1,0,1,0,0,0,1
0,0,0,0,0,0,1,1,0,1,1,0,1,0,1,1,1,0,1,1,0,0,0,1,0,0,0
1,0,1,0,0,1,0,1,1,1,1,1,1,0,1,0,0,0,1,1,0,0,1,1,0,1,1
0,1,1,1,1,1,0,1,1,1,1,0,1,1,1,1,0,0,0,1,0,0,0,0,0,0,1
1,1,0,0,0,0,0,1,0,1,1,0,0,0,1,1,1,1,1,1,1,0,1,0,1,0,1
0,0,0,0,1,1,0,1,1,1,1,1,0,1,0,0,1,0,1,1,1,0,0,0,1,1,1
1,0,0,0,1,1,0,1,1,1,0,1,1,0,1,0,0,0,0,1,1,0,1,1,0,1,1
1,0,1,0,0,1,0,0,0,1,0,0,1,1,1,0,1,0,1,1,1,0,0,1,1,1,1
1,0,0,0,0,0,0,1,1,1,0,1,1,1,1,0,0,0,1,1,1,1,0,1,0,0,1
1,1,1,0,0,1,1,1,1,1,1,0,0,1,0,0,0,0,1,1,1,1,1,1,1,1,1
1,1,0,0,0,0,0,1,0,1,1,0,0,0,1,1,1,1,1,1,1,0,1,0,1,0,1
1,1,1,0,1,1,0,1,1,1,0,0,1,1,1,0,0,0,1,1,1,0,1,1,1,0,1
1,1,1,0,1,1,0,1,1,1,0,0,0,0,1,0,1,0,1,1,1,0,0,1,1,0,1
0,1,0,0,1,1,1,1,1,1,0,1,0,0,0,1,0,1,0,1,1,0,0,0,0,0,1
1,1,0,0,0,0,0,1,0,1,0,0,1,1,1,0,0,0,1,0,1,1,0,1,1,0,1
1,0,0,0,0,0,1,0,1,1,1,0,1,0,1,0,0,0,1,1,0,0,0,0,0,1,0
1,0,0,1,1,1,1,1,0,1,0,1,0,0,0,0,0,1,0,1,1,0,1,0,1,1,1
0,0,1,0,1,1,0,1,1,1,0,0,0,0,0,0,0,0,1,1,1,0,1,1,0,0,0
1,0,0,0,0,0,1,1,0,1,1,0,0,0,1,0,0,0,1,0,0,0,0,0,1,1,0
1,0,0,0,1,0,1,0,1,1,0,0,1,0,1,1,0,0,1,0,0,0,0,0,0,1,0
0,0,1,0,0,0,1,1,0,1,1,0,1,0,1,0,1,0,1,1,0,0,0,1,0,0,0
0,1,0,0,1,0,1,1,1,1,1,1,0,0,1,0,0,0,1,1,1,0,0,0,0,0,1
1,0,1,0,1,0,0,1,1,1,0,1,1,0,1,1,1,0,0,1,0,0,0,1,1,1,1
0,0,1,0,1,1,1,0,0,1,1,0,1,0,1,0,0,0,1,1,0,0,1,0,0,1,1
1,0,1,0,1,1,0,1,1,1,1,1,1,1,1,1,1,0,1,1,1,0,0,1,0,1,1
0,1,0,0,1,1,0,0,0,1,1,0,1,0,1,1,0,0,1,1,0,0,1,1,1,1,1
0,1,1,0,1,1,1,0,0,1,0,1,0,1,0,1,1,1,1,1,1,0,0,1,0,0,1
0,0,1,0,1,1,1,1,1,1,0,0,1,0,1,0,0,0,1,1,0,0,0,0,0,0,0
1,1,0,1,0,0,1,0,1,1,0,0,0,1,0,1,0,0,0,1,0,1,0,1,0,1,1
1,1,1,0,1,0,0,0,0,1,1,0,1,1,1,0,0,0,1,1,1,0,1,1,1,1,1
1,0,0,0,0,0,0,0,0,1,0,0,1,1,1,1,0,0,1,0,0,0,0,0,0,1,0
1,1,1,0,1,1,0,0,0,1,0,1,1,0,1,0,0,0,0,1,0,1,1,1,1,1,1
1,1,1,0,1,1,0,1,1,1,1,0,1,0,1,0,0,0,1,1,1,0,0,1,0,1,1
1,0,1,0,1,1,0,1,1,1,0,1,0,0,1,1,0,1,0,1,1,0,0,1,1,0,1
0,0,0,0,1,1,1,0,1,1,1,1,0,0,1,1,1,0,1,1,1,0,0,0,0,1,1
1,1,1,1,1,1,1,1,1,1,0,0,1,0,1,1,1,1,1,1,1,0,1,0,1,1,1
0,1,0,0,0,0,0,0,0,1,0,0,0,0,1,1,1,0,0,0,1,0,1,1,0,0,0
1,0,1,1,1,1,0,1,1,1,1,1,1,0,1,0,0,1,0,0,1,0,0,1,1,0,1
1,1,0,0,0,0,1,1,0,1,0,0,0,1,0,0,1,0,1,0,1,0,0,0,0,1,0
0,1,0,0,0,0,0,1,1,1,1,1,1,0,1,0,0,1,1,1,1,0,0,1,0,1,1
0,1,0,0,0,0,0,1,1,1,0,0,0,1,0,0,0,1,1,1,1,0,0,1,0,1,0
1,0,0,1,0,0,0,1,0,1,0,0,0,0,0,0,0,0,0,0,0,0,1,1,1,0,0
1,1,1,0,1,1,0,1,1,1,0,1,1,1,1,1,1,1,1,1,0,0,0,1,0,0,1
1,0,0,1,1,1,1,1,0,1,1,1,0,0,0,1,1,1,1,1,1,0,1,1,1,1,1
1,0,1,0,1,1,1,0,0,1,1,1,1,0,1,0,0,0,1,1,1,0,1,1,1,1,1
1,0,0,0,0,0,0,1,0,1,1,0,1,1,1,1,1,0,1,1,0,0,1,1,0,1,1
1,1,1,0,1,1,1,1,1,1,1,1,1,1,1,1,1,0,1,1,0,0,0,1,0,1,1
1,0,0,0,1,1,1,1,1,1,0,0,0,1,0,0,0,0,0,1,1,0,0,0,0,1,0
1,1,1,0,1,0,0,0,0,1,0,1,0,1,1,1,1,0,1,1,1,1,1,1,1,1,1
1,1,1,0,1,1,1,1,1,1,1,1,1,1,1,0,0,1,1,1,1,0,1,1,1,1,1
1,1,0,0,1,1,1,1,1,1,0,1,0,1,0,0,0,0,0,0,0,0,0,0,0,0,0
1,1,0,0,1,1,0,1,1,1,0,0,0,0,1,0,0,1,1,1,1,0,0,0,0,1,1
0,0,0,0,0,0,0,0,1,1,0,0,0,0,1,0,0,0,1,1,0,0,0,0,0,0,0
1,0,1,0,1,1,1,0,0,1,1,1,1,1,1,1,0,0,1,1,0,0,1,1,0,0,1
0,0,0,0,0,0,0,0,1,1,0,0,0,0,1,0,0,0,0,1,0,0,1,0,0,0,0
0,0,0,0,0,0,0,0,0,1,0,0,1,1,1,0,0,0,0,0,0,0,0,1,0,0,0
0,1,0,0,0,0,0,0,1,1,0,0,1,0,0,0,1,0,0,0,0,0,0,1,0,0,0
1,0,1,1,0,0,0,0,0,1,0,1,1,1,1,1,1,0,1,1,0,0,0,1,0,0,1
1,0,1,1,0,1,1,1,1,1,1,1,0,0,1,1,0,0,1,1,0,0,0,1,1,0,1
1,1,1,0,1,1,0,1,0,1,0,0,0,1,1,0,1,0,0,1,0,0,0,1,0,1,1
0,0,0,0,0,0,0,1,1,1,0,0,0,1,1,0,0,0,0,1,0,0,0,0,0,0,0
1,1,1,0,1,1,1,0,1,1,0,1,0,0,0,0,0,0,1,1,0,0,1,1,1,1,1
1,1,0,0,1,0,1,0,1,1,0,1,0,0,0,0,0,0,1,1,0,0,1,1,0,1,1
1,1,0,0,1,1,0,1,1,1,1,1,1,0,1,0,0,0,1,0,0,0,0,0,0,1,1
0,0,0,0,1,1,1,0,1,1,1,0,0,0,0,0,0,1,1,0,1,0,0,1,0,0,0
1,1,0,0,1,0,0,0,1,1,1,0,0,1,1,1,0,0,1,1,0,0,1,1,1,1,1
0,1,1,0,0,0,1,1,1,1,0,0,0,1,1,0,1,0,0,1,0,1,0,1,0,1,1
1,1,1,0,1,0,1,1,0,1,0,1,0,1,1,1,1,1,1,1,0,1,1,1,1,1,1
0,1,1,0,0,0,0,0,0,1,0,0,1,0,0,1,0,0,0,1,0,0,0,0,0,0,0
1,0,1,0,0,1,0,0,1,1,0,1,0,0,0,0,0,1,0,1,0,0,0,0,1,1,0
1,1,0,1,0,0,0,1,1,1,0,0,0,1,1,0,0,1,1,0,1,0,1,0,0,0,1
1,0,1,1,0,0,0,0,1,1,0,0,0,0,0,0,0,0,0,0,0,0,0,0,0,0,0
1,1,0,1,1,1,1,1,1,1,1,1,1,0,1,1,1,0,0,1,0,1,1,1,0,1,1
1,1,0,1,0,0,1,1,1,1,1,1,0,0,0,0,1,1,0,1,1,0,0,1,1,1,1
0,0,0,0,0,0,1,0,0,1,0,1,1,1,1,1,1,0,1,1,0,0,1,0,1,1,1
0,0,0,0,0,0,0,1,0,1,1,1,1,0,1,1,1,0,1,0,0,0,0,0,0,0,0
1,1,0,1,1,1,0,0,0,1,0,0,0,1,0,0,1,1,0,1,1,0,1,1,1,1,1
1,1,0,0,0,0,0,1,0,1,1,0,0,0,1,0,1,1,1,1,0,1,1,0,0,1,1
1,0,1,0,1,1,1,1,1,1,1,1,0,0,1,0,1,1,0,1,0,0,1,1,1,1,1
0,1,0,0,0,0,0,1,1,1,1,0,1,1,1,1,0,0,1,0,0,0,0,0,0,0,0
1,0,1,1,0,0,0,1,1,1,1,1,0,1,1,1,1,1,0,1,1,0,1,1,1,1,1
1,0,1,1,0,0,0,0,1,1,0,0,0,0,1,0,0,1,0,1,1,0,0,1,0,1,0
1,1,1,1,1,0,1,0,0,1,0,0,0,1,0,0,0,0,0,1,0,0,0,1,0,0,0
1,0,0,0,1,0,0,0,0,1,0,1,0,1,1,1,1,0,1,0,0,0,0,1,0,1,0
0,1,0,0,0,0,0,0,0,1,0,1,0,1,1,1,0,0,0,1,0,0,0,0,0,0,0
1,1,1,1,1,1,0,0,0,1,1,1,1,0,0,0,1,1,0,0,1,0,1,1,1,0,1
1,1,1,0,0,0,1,0,0,1,0,0,0,1,1,0,0,1,0,1,1,0,1,1,1,0,1
0,1,1,1,0,0,0,0,0,1,0,0,1,0,1,1,1,1,1,1,0,0,1,1,0,1,1
1,0,0,1,0,0,0,0,0,1,0,0,0,0,0,1,0,0,0,0,0,0,1,1,0,0,0
1,0,1,1,0,0,0,0,1,1,0,1,0,0,1,1,0,0,0,1,0,0,1,1,1,0,1
1,0,1,0,0,0,0,1,1,1,0,0,0,0,0,1,1,0,0,1,0,0,0,1,0,1,0
1,1,1,0,1,0,1,1,0,1,0,0,0,1,1,1,1,1,0,1,1,0,0,0,0,0,1
0,1,1,0,1,1,0,1,0,1,1,1,0,0,1,0,0,1,1,1,0,1,0,1,0,1,1
1,0,1,1,0,0,0,1,1,1,1,0,0,0,0,0,0,0,1,1,0,0,1,0,0,1,0
0,1,1,0,1,0,1,1,0,1,0,0,0,0,1,0,0,0,0,0,0,1,0,1,0,1,0
0,1,0,0,0,1,0,0,1,1,0,0,0,0,1,0,0,0,0,0,0,0,0,1,0,0,0
0,1,0,1,0,1,0,0,0,1,0,0,0,1,1,0,1,0,0,0,0,0,0,1,0,1,0
1,1,0,0,0,0,0,0,0,1,0,1,1,1,0,0,1,0,0,0,0,0,0,1,0,1,0
1,0,0,0,0,0,0,0,0,1,0,0,1,0,1,0,0,0,1,1,0,0,0,1,1,1,0
1,0,0,0,0,0,0,1,1,1,0,1,0,0,0,0,1,0,0,1,0,1,0,1,1,0,0
0,1,1,1,1,1,0,1,0,1,0,0,0,1,0,0,1,1,1,1,1,0,1,1,1,0,1
1,1,1,0,1,1,0,1,0,1,1,1,0,0,0,0,0,1,0,0,0,0,0,0,0,1,0
1,1,1,0,0,0,0,0,1,1,0,0,0,0,1,0,0,1,1,0,0,1,0,1,0,0,0
1,1,0,0,1,1,0,1,0,1,1,1,0,0,0,0,0,1,0,0,0,0,0,0,1,1,0
0,1,0,1,0,0,0,1,1,1,1,0,0,1,1,0,1,0,1,1,0,1,0,0,0,1,1
0,0,0,0,1,1,0,1,1,1,1,1,1,0,1,0,1,0,0,0,0,0,0,0,0,1,0
0,1,1,1,0,0,0,0,0,1,0,1,0,0,0,0,0,0,0,1,0,0,0,0,0,0,0
0,1,0,0,0,0,0,0,0,1,0,0,1,0,0,0,0,0,1,1,0,0,0,0,0,1,0
1,1,0,0,0,0,0,0,0,1,0,0,0,0,0,0,0,0,1,1,0,0,0,0,1,1,0
0,1,1,0,1,1,1,1,1,1,0,1,0,0,1,0,0,1,1,1,1,0,1,1,1,1,1
0,1,1,1,1,0,1,1,1,1,1,1,1,0,1,1,1,1,1,1,1,0,1,1,1,0,1
0,1,1,1,1,0,1,1,0,1,1,1,0,0,1,1,1,1,1,0,1,1,1,0,0,1,1
0,1,0,1,1,0,1,0,1,1,0,0,0,1,0,0,1,1,0,0,1,1,1,0,0,0,1
0,1,0,0,0,1,0,0,1,1,0,0,0,0,1,1,1,1,1,1,0,0,0,0,0,1,0
0,1,1,1,0,0,1,0,1,1,0,1,0,0,0,0,1,0,0,1,1,0,0,1,1,1,1
1,1,1,1,0,0,0,0,1,1,0,0,0,1,1,1,1,0,1,0,1,0,1,0,0,1,1
0,1,1,0,1,0,0,0,0,1,1,1,1,0,1,1,0,0,1,0,1,1,1,1,0,1,1
1,0,1,1,1,1,1,0,0,1,0,1,0,0,0,0,1,1,0,1,1,1,1,1,1,1,1
0,0,0,0,0,0,0,0,1,1,0,0,0,1,1,1,0,0,1,0,0,0,1,0,0,0,0
0,1,1,1,0,0,0,0,0,1,0,1,1,1,1,0,0,0,0,1,0,0,0,0,1,1,0
1,1,1,0,0,0,0,0,1,1,0,1,0,1,0,0,1,0,1,1,1,0,1,1,0,1,1
0,1,0,0,0,0,1,0,1,1,0,1,1,1,1,0,0,0,1,1,1,0,1,1,0,1,1
0,1,0,1,1,0,0,1,1,1,0,1,0,0,0,1,1,1,1,1,0,1,0,0,1,1,1
0,1,1,0,0,0,0,0,1,1,0,0,1,1,1,1,0,0,0,1,0,0,1,0,0,0,0
0,1,1,1,0,1,0,1,0,1,1,1,0,0,0,0,1,1,1,1,1,0,1,1,1,1,1
0,1,0,0,0,0,0,0,1,1,1,0,0,0,1,1,0,0,1,0,0,0,0,0,0,0,0
0,1,1,1,1,1,0,0,1,1,0,1,1,0,1,0,1,1,0,1,1,1,1,1,1,1,1
0,1,1,1,0,1,1,0,1,1,0,0,0,1,0,0,1,1,1,0,0,1,1,1,1,1,1
1,1,1,1,1,0,0,0,0,1,0,1,0,0,1,1,1,1,0,0,1,1,1,1,0,1,1
0,1,1,0,0,0,1,1,1,1,0,1,0,0,0,1,1,0,0,0,0,0,0,0,1,0,0
0,1,1,1,1,0,1,1,1,1,0,1,1,0,1,1,1,0,0,1,1,0,0,1,0,1,1
1,1,0,1,1,1,0,0,1,1,0,1,1,0,0,1,0,0,0,1,0,0,1,0,0,0,1
0,1,1,1,1,1,1,1,1,1,0,1,1,1,1,0,1,0,1,1,0,0,1,1,1,1,1
1,1,1,1,0,1,0,0,1,1,0,1,1,0,1,0,0,0,0,1,0,0,0,1,0,1,1
0,1,1,0,0,0,0,0,1,1,0,0,0,1,1,0,0,0,0,1,1,0,1,0,0,1,0
0,1,1,1,0,0,0,1,0,1,0,0,0,0,0,1,0,0,0,0,0,0,1,1,0,0,0
0,1,1,0,0,0,0,1,1,1,0,0,0,0,0,1,0,0,1,1,0,0,0,1,0,0,0
1,0,1,0,0,0,0,0,0,1,0,1,1,1,0,0,0,0,0,1,1,0,1,1,1,1,1
0,1,1,0,0,0,0,0,1,1,0,1,0,0,0,0,0,0,1,1,0,0,1,1,0,1,0
0,1,1,0,1,0,1,1,1,1,0,1,1,0,1,0,1,1,1,0,1,1,0,1,1,1,1
0,1,1,0,0,0,0,0,0,1,0,1,1,0,1,0,0,0,0,1,0,0,0,1,0,0,0
1,1,0,0,0,0,0,1,1,1,0,1,1,0,1,1,1,0,1,1,0,0,1,1,1,0,1
1,1,1,1,0,0,0,0,1,1,0,0,0,0,0,1,1,0,0,0,0,0,1,1,0,1,0
1,1,1,0,0,0,0,0,0,1,0,1,1,0,1,0,0,0,1,0,0,0,1,1,0,0,0
1,1,0,0,0,0,1,0,0,1,0,0,1,0,1,1,0,0,0,1,1,0,1,0,0,1,0
1,1,0,1,1,0,0,1,1,1,0,1,0,1,0,1,1,0,0,1,0,0,0,1,0,1,1
1,0,1,0,0,0,0,0,0,1,0,0,0,0,0,0,0,0,1,1,1,0,1,1,0,1,0
1,0,0,0,0,0,0,0,0,1,0,0,0,0,1,0,0,0,1,1,1,1,1,1,0,1,0
1,1,1,1,1,0,0,1,1,1,0,0,0,1,0,0,0,0,0,1,0,0,0,0,0,1,0
1,1,1,0,0,0,0,1,1,1,1,0,0,1,0,0,1,0,0,1,0,0,0,0,1,0,0
0,1,1,1,0,0,0,0,0,1,0,0,1,1,1,0,0,0,0,0,0,0,1,0,0,1,0
1,1,1,1,1,0,0,1,0,1,0,0,0,0,0,0,0,0,0,1,0,0,1,1,0,0,0
1,0,1,0,1,0,1,0,0,1,0,1,0,0,0,0,1,1,0,1,0,1,1,1,0,0,1
1,1,1,0,0,0,0,1,1,1,1,1,0,0,0,0,1,0,0,0,0,0,1,1,0,1,1
0,1,0,0,0,1,0,1,1,1,0,0,0,0,1,1,0,0,1,1,0,0,0,0,1,0,0
0,1,1,1,0,0,0,1,1,1,0,1,1,1,1,1,0,1,1,1,0,0,1,1,1,0,1
1,1,1,1,1,0,1,1,1,1,0,1,1,1,1,1,1,0,1,1,1,0,1,1,1,0,1
0,1,1,1,0,0,0,1,1,1,0,1,1,1,1,0,0,1,1,1,0,0,1,1,1,0,1
0,0,0,0,0,0,0,0,0,1,0,0,1,1,1,1,0,0,0,1,0,0,0,0,0,0,0
0,1,0,0,0,0,0,0,0,1,0,0,1,1,1,1,0,0,0,1,0,0,0,0,0,0,0
1,0,1,0,1,0,0,1,0,1,1,1,0,1,1,0,1,0,1,1,0,0,1,1,0,0,1
0,0,1,1,0,1,1,1,0,1,0,0,1,1,0,0,0,1,0,1,0,0,1,0,0,1,1
0,0,0,1,0,0,0,1,1,1,1,0,1,1,1,0,1,0,0,1,1,0,1,0,1,0,1
0,1,0,0,1,0,0,1,1,1,0,1,0,1,1,1,1,0,0,1,0,0,0,1,0,1,1
1,0,1,1,1,0,0,0,0,1,1,0,0,1,1,1,1,0,1,1,0,1,1,1,1,1,1
1,1,1,1,1,0,1,0,1,1,1,0,1,0,1,1,0,1,1,1,0,1,0,0,0,1,1
0,1,0,0,0,0,0,0,0,1,1,1,1,1,0,0,1,0,0,1,0,0,0,1,0,1,0
1,0,1,1,1,0,0,0,0,1,1,0,1,1,1,1,0,0,0,0,0,0,0,1,1,0,1
1,1,1,1,0,1,1,1,1,1,1,1,0,1,1,1,1,1,0,1,0,0,0,1,0,1,1
1,0,0,0,1,1,0,1,0,1,1,0,0,1,0,0,0,0,0,1,1,1,1,1,1,1,1
1,0,1,0,0,0,0,0,0,1,1,1,0,0,0,0,0,0,0,1,0,0,0,1,0,0,0
0,0,1,1,0,0,0,1,1,1,1,0,0,1,1,0,1,0,0,1,0,0,0,0,0,0,0
1,0,1,0,1,0,0,0,1,1,1,1,0,0,1,0,1,0,0,0,0,0,0,0,1,1,0
1,1,1,0,1,0,0,0,0,1,1,0,0,1,0,0,1,0,1,1,0,1,0,0,0,1,1
0,1,1,0,0,0,0,1,1,1,0,1,0,0,0,1,0,0,0,1,0,0,0,1,0,1,0
1,1,1,1,1,1,0,1,1,1,0,1,1,1,1,1,1,1,0,1,0,0,1,1,0,0,1
0,1,0,0,1,0,0,0,1,1,0,1,0,1,0,0,0,0,0,1,0,0,0,0,0,1,0
1,1,1,0,1,1,0,1,1,1,0,1,0,1,1,1,1,0,0,1,1,0,1,1,1,0,1
0,0,0,1,0,0,0,1,0,1,0,0,0,1,1,0,1,0,0,1,0,0,0,1,0,1,0
1,1,0,0,1,0,0,0,1,1,0,1,1,1,1,0,0,0,0,1,0,1,0,0,0,0,0
0,0,0,0,0,0,0,0,0,1,0,0,0,1,0,0,0,0,1,0,0,0,0,0,0,0,0
0,1,0,0,0,0,1,0,0,1,0,0,0,1,0,0,0,0,1,1,0,0,0,0,0,0,0
0,1,0,0,0,0,0,1,1,1,1,1,0,1,0,1,1,0,0,1,0,0,1,1,0,0,1
1,1,1,0,0,0,0,1,0,1,1,0,1,1,1,1,0,0,0,1,0,0,0,0,0,0,0
1,0,1,1,0,0,0,0,0,1,0,1,0,1,1,0,0,0,0,1,0,0,0,0,0,0,0
0,1,1,0,0,0,0,0,1,1,0,0,1,1,0,1,1,0,0,1,0,0,1,0,0,1,0
0,1,1,1,0,0,0,1,0,1,1,1,0,1,1,0,1,0,1,1,0,0,1,1,1,1,1
0,0,1,0,0,0,0,0,0,1,0,1,0,1,0,0,0,1,0,1,0,0,1,0,0,1,0
1,0,0,1,0,0,0,1,0,1,1,0,1,1,1,0,1,0,1,1,0,0,0,1,0,1,1
0,1,1,0,1,0,1,0,0,1,0,1,1,1,1,0,0,0,1,0,0,0,1,1,1,0,1
0,1,0,1,0,0,0,0,1,1,1,1,0,1,0,0,0,0,0,1,0,0,0,1,0,0,0
0,1,0,0,0,0,0,0,0,1,0,1,1,1,1,0,1,0,0,0,0,0,0,1,0,1,0
1,1,1,1,0,0,0,1,1,1,0,1,0,1,1,0,0,0,1,1,0,0,1,1,0,1,1
0,1,1,0,0,1,0,1,0,1,0,0,0,1,1,0,1,0,1,1,0,1,0,1,0,1,1
0,0,1,0,0,0,0,0,1,1,0,1,0,1,1,0,1,0,1,1,0,1,0,1,0,0,0
0,1,1,0,0,0,0,1,0,1,0,1,1,1,0,0,1,0,0,1,0,0,1,1,0,1,1
0,1,1,0,0,0,0,0,0,1,0,1,1,1,1,0,1,0,0,1,0,0,0,1,0,1,0
0,0,1,0,0,0,0,1,1,1,0,1,0,1,0,0,0,1,1,1,0,0,1,0,0,0,0
1,1,1,1,0,0,0,1,0,1,1,0,0,1,1,1,1,0,1,1,0,0,0,1,0,0,1
0,0,0,1,0,0,0,0,1,1,1,1,0,1,1,0,1,0,0,1,1,0,1,0,1,0,1
0,1,1,0,1,1,0,1,1,1,1,1,0,1,1,0,1,0,1,1,0,0,1,1,0,1,1
0,1,1,1,0,1,1,1,1,1,1,1,1,1,1,0,0,0,0,1,0,1,0,1,1,0,1
0,0,1,0,1,0,1,0,1,1,0,1,1,1,1,0,1,1,1,1,0,1,0,1,1,0,1
1,1,1,1,0,0,1,1,1,1,0,1,0,1,1,1,1,0,1,0,0,0,0,1,0,1,1
1,0,0,0,1,1,0,0,0,1,0,1,0,1,0,0,0,1,1,1,0,0,0,1,0,1,0
1,1,1,0,0,0,0,0,0,1,0,0,1,1,1,0,0,0,1,1,0,0,1,0,0,1,0
0,0,0,1,0,0,1,0,0,1,0,1,0,1,0,0,0,0,0,1,0,0,0,1,0,1,0
0,1,0,1,0,0,0,1,0,1,1,1,0,1,1,0,0,0,0,1,0,0,1,1,1,1,1
1,0,0,0,0,0,0,1,0,1,1,0,1,1,1,0,1,0,1,1,0,0,1,0,0,1,1
0,0,0,0,0,1,0,1,1,1,1,0,1,1,1,1,0,0,1,1,0,0,0,1,0,1,1
0,1,1,0,0,1,0,1,1,1,1,1,1,1,1,1,1,0,0,1,0,0,1,1,0,1,1
1,1,1,0,0,0,0,1,1,1,0,0,1,1,1,1,1,0,0,1,0,0,0,1,0,1,1
0,1,0,0,0,0,0,0,0,1,0,0,1,0,0,1,1,0,0,1,0,0,0,1,0,1,0
0,1,1,0,0,0,0,0,0,1,0,0,1,1,1,1,1,0,0,1,0,0,1,1,0,1,1
1,1,0,0,0,0,0,1,1,1,1,0,1,0,1,0,1,0,1,1,0,0,0,0,0,0,0
1,0,0,1,1,1,1,0,1,1,0,1,1,1,1,0,1,0,1,1,1,0,1,0,0,0,1
0,1,0,0,0,0,0,1,0,1,0,0,1,1,1,0,0,0,0,0,0,1,1,0,0,0,0
1,1,1,1,1,1,0,1,1,1,0,1,1,1,1,0,0,0,1,1,0,0,0,1,0,0,1
1,0,1,1,0,0,0,1,0,1,1,1,0,1,1,0,1,1,1,1,0,1,1,1,1,1,1
1,1,0,0,0,0,0,0,1,1,0,0,0,1,1,0,1,0,1,1,0,0,0,1,0,0,0
1,1,1,0,0,0,0,1,0,1,0,0,1,1,0,0,0,0,0,1,0,0,1,0,0,1,0
1,0,1,1,0,0,0,0,1,1,1,0,1,1,0,0,1,0,1,1,0,0,1,0,0,0,1
1,0,1,1,0,0,0,0,1,1,1,0,1,1,0,0,1,0,1,1,0,0,1,0,0,0,1
0,1,1,1,0,0,0,0,1,1,1,1,1,0,0,0,1,0,0,1,1,0,1,1,1,1,1
1,0,1,1,0,0,0,0,1,1,1,0,1,1,0,0,1,0,1,1,0,0,1,0,0,1,1
0,1,0,1,0,0,0,0,0,1,1,1,0,1,0,0,0,0,0,1,0,0,0,0,0,0,0
1,0,1,1,0,0,0,1,0,1,0,0,0,0,0,0,1,0,1,1,0,0,0,1,1,1,0
1,0,1,1,0,0,0,1,0,1,0,0,0,0,0,0,1,0,1,1,0,0,0,1,1,1,0
1,1,1,0,0,0,0,0,1,1,0,1,0,0,0,0,1,0,0,0,1,0,0,1,0,1,0
0,1,0,0,1,0,0,1,1,1,1,1,1,1,1,1,1,1,1,1,0,0,1,1,0,1,1
1,0,0,0,0,1,0,1,1,1,1,0,0,0,1,1,1,0,0,1,0,0,1,1,1,1,1
1,1,0,0,0,1,0,1,1,1,0,0,1,1,1,0,1,0,1,1,1,0,1,1,1,1,1
1,1,1,0,1,0,0,0,0,0,0,1,1,0,1,1,1,1,1,0,0,0,0,1,1,1,1
0,1,0,0,0,1,0,1,1,1,1,1,1,0,1,0,0,0,1,1,0,0,1,0,0,1,1
1,0,0,0,1,0,0,1,1,0,1,0,0,0,1,1,0,0,1,1,0,0,1,1,1,1,1
0,1,0,0,0,0,0,1,1,1,0,1,1,0,1,1,0,1,0,1,0,0,1,1,1,1,1
0,1,1,0,0,0,0,1,0,0,0,0,0,0,0,0,0,0,1,1,1,0,0,1,0,0,0
0,1,1,0,0,0,0,0,0,0,0,0,1,1,1,0,0,0,1,1,0,0,1,1,0,1,0
0,1,0,0,0,0,1,0,1,0,0,0,1,0,1,1,0,0,1,1,0,0,0,1,0,1,0
0,1,0,0,1,0,0,0,0,0,0,0,0,0,1,0,1,0,0,1,0,0,0,1,0,1,0
1,0,1,0,0,0,0,0,0,0,0,0,1,0,1,0,1,0,1,1,0,0,1,1,1,0,0
1,0,1,0,1,0,1,0,1,0,1,1,0,1,0,0,1,0,1,1,0,0,0,0,1,1,1
0,1,1,1,0,1,1,1,1,1,1,1,1,0,1,0,0,0,0,1,0,0,1,0,1,0,1
1,0,0,0,0,0,0,0,0,1,0,0,0,0,0,0,1,0,1,0,1,1,0,0,0,1,0
1,1,1,1,0,0,0,1,1,1,0,0,0,0,0,1,0,1,0,1,1,0,0,0,0,0,0
0,1,1,1,0,0,1,1,1,1,1,0,0,0,0,1,1,0,1,0,0,1,0,1,0,1,1
1,1,1,0,1,0,0,1,1,0,0,0,0,0,0,0,0,0,0,1,0,1,1,0,0,1,0
1,1,1,0,1,0,0,1,1,0,0,0,0,0,0,0,0,0,0,1,0,1,1,0,0,1,0
1,1,1,0,0,0,0,0,1,0,0,0,0,0,1,1,0,0,1,1,1,0,0,0,0,1,0
1,1,1,0,0,0,0,0,1,0,0,0,0,0,1,1,0,0,1,1,1,0,0,0,0,1,0
0,1,0,0,1,1,1,0,0,1,0,0,0,0,0,1,0,0,1,0,0,0,1,1,1,0,0
1,0,0,0,1,1,1,0,0,1,0,0,0,0,0,1,1,0,1,0,0,0,1,1,1,0,0
0,1,0,0,1,0,0,1,1,0,0,0,1,0,1,0,0,0,1,1,0,0,1,1,0,1,0
0,0,0,0,1,0,0,1,1,0,0,0,1,0,0,0,0,0,1,0,0,0,0,0,0,0,0
1,1,1,1,1,0,1,1,1,0,0,1,0,0,0,1,1,0,0,1,1,0,1,1,0,1,1
1,0,1,0,0,0,1,1,1,0,0,1,0,0,0,1,1,0,1,1,1,0,1,1,1,1,1
0,1,0,0,0,0,0,1,1,1,1,1,0,1,0,1,1,0,0,1,0,0,1,1,0,0,1
1,1,1,0,0,0,0,1,0,1,1,0,1,1,1,1,0,0,0,1,0,0,0,0,0,0,0
1,0,1,1,0,0,0,0,0,1,0,1,0,1,1,0,0,0,0,1,0,0,0,0,0,0,0
0,1,1,0,0,0,0,0,1,1,0,0,1,1,0,1,1,0,0,1,0,0,1,0,0,1,0
0,1,1,1,0,0,0,1,0,1,1,1,0,1,1,0,1,0,1,1,0,0,1,1,1,1,1
0,0,1,0,0,0,0,0,0,1,0,1,0,1,0,0,0,1,0,1,0,0,1,0,0,1,0
1,0,0,1,0,0,0,1,0,1,1,0,1,1,1,0,1,0,1,1,0,0,0,1,0,1,1
0,1,1,0,1,0,1,0,0,1,0,1,1,1,1,0,0,0,1,0,0,0,1,1,1,0,1
0,1,0,1,0,0,0,0,1,1,1,1,0,1,0,0,0,0,0,1,0,0,0,1,0,0,0
0,1,0,0,0,0,0,0,0,1,0,1,1,1,1,0,1,0,0,0,0,0,0,1,0,1,0
1,1,1,1,0,0,0,1,1,1,0,1,0,1,1,0,0,0,1,1,0,0,1,1,0,1,1
0,1,1,0,0,1,0,1,0,1,0,0,0,1,1,0,1,0,1,1,0,1,0,1,0,1,1
0,0,1,0,0,0,0,0,1,1,0,1,0,1,1,0,1,0,1,1,0,1,0,1,0,0,0
0,1,1,0,0,0,0,1,0,1,0,1,1,1,0,0,1,0,0,1,0,0,1,1,0,1,1
0,1,1,0,0,0,0,0,0,1,0,1,1,1,1,0,1,0,0,1,0,0,0,1,0,1,0
0,0,1,0,0,0,0,1,1,1,0,1,0,1,0,0,0,1,1,1,0,0,1,0,0,0,0
1,1,1,1,0,0,0,1,0,1,1,0,0,1,1,1,1,0,1,1,0,0,0,1,0,0,1
0,0,0,1,0,0,0,0,1,1,1,1,0,1,1,0,1,0,0,1,1,0,1,0,1,0,1
0,1,1,0,1,1,0,1,1,1,1,1,0,1,1,0,1,0,1,1,0,0,1,1,0,1,1
0,1,1,1,0,1,1,1,1,1,1,1,1,1,1,0,0,0,0,1,0,1,0,1,1,0,1
0,0,1,0,1,0,1,0,1,1,0,1,1,1,1,0,1,1,1,1,0,1,0,1,1,0,1
1,1,1,1,0,0,1,1,1,1,0,1,0,1,1,1,1,0,1,0,0,0,0,1,0,1,1
1,0,0,0,1,1,0,0,0,1,0,1,0,1,0,0,0,1,1,1,0,0,0,1,0,1,0
1,1,1,0,0,0,0,0,0,1,0,0,1,1,1,0,0,0,1,1,0,0,1,0,0,1,0
0,0,0,1,0,0,1,0,0,1,0,1,0,1,0,0,0,0,0,1,0,0,0,1,0,1,0
0,1,0,1,0,0,0,1,0,1,1,1,0,1,1,0,0,0,0,1,0,0,1,1,1,1,1
1,0,0,0,0,0,0,1,0,1,1,0,1,1,1,0,1,0,1,1,0,0,1,0,0,1,1
0,0,0,0,0,1,0,1,1,1,1,0,1,1,1,1,0,0,1,1,0,0,0,1,0,1,1
0,1,1,0,0,1,0,1,1,1,1,1,1,1,1,1,1,0,0,1,0,0,1,1,0,1,1
1,1,1,0,0,0,0,1,1,1,0,0,1,1,1,1,1,0,0,1,0,0,0,1,0,1,1
0,1,0,0,0,0,0,0,0,1,0,0,1,0,0,1,1,0,0,1,0,0,0,1,0,1,0
0,1,1,0,0,0,0,0,0,1,0,0,1,1,1,1,1,0,0,1,0,0,1,1,0,1,1
1,1,0,0,0,0,0,1,1,1,1,0,1,0,1,0,1,0,1,1,0,0,0,0,0,0,0
1,0,0,0,1,0,0,0,1,1,1,1,0,0,1,0,0,0,0,1,1,0,1,1,1,1,1
0,1,1,0,1,0,1,1,1,1,0,0,0,1,0,0,1,0,1,1,0,0,0,0,0,1,1
0,0,0,0,0,0,1,1,0,1,0,0,1,0,1,1,1,1,1,0,1,0,0,1,1,0,1
0,0,0,0,1,1,1,1,1,1,0,0,0,1,1,0,1,0,0,1,0,0,1,0,0,1,1
0,0,0,0,0,0,0,0,0,1,0,0,1,1,0,0,0,1,1,1,1,1,1,1,1,0,0
1,1,0,0,1,0,0,1,0,1,0,0,1,0,1,0,1,0,0,1,0,0,0,1,0,0,0
0,0,1,0,1,0,0,0,0,1,1,1,0,0,1,1,1,0,0,1,1,0,1,1,0,1,1
1,1,0,0,1,1,1,1,1,1,1,1,1,1,1,1,1,0,1,1,1,0,1,1,1,1,1
0,0,1,1,1,0,0,1,0,1,0,0,1,0,0,1,1,0,0,1,0,0,0,0,1,1,0
0,0,0,0,0,0,0,1,0,1,0,0,0,0,0,0,0,0,1,0,1,0,0,0,0,0,0
0,0,0,0,1,0,0,0,1,1,1,1,0,0,0,0,1,0,1,1,0,0,0,1,1,1,0
0,0,0,0,1,1,1,1,0,1,0,1,1,0,1,0,0,0,0,1,0,1,1,1,1,1,1
0,1,1,1,0,0,0,0,0,1,0,0,0,1,0,0,1,0,1,1,0,0,0,0,0,0,0
0,1,0,1,0,1,1,0,0,1,1,1,1,0,1,0,1,0,1,0,0,0,1,1,1,1,1
1,1,1,0,0,0,0,0,1,1,0,1,1,1,1,0,0,0,1,1,0,0,0,1,1,1,1
0,0,0,1,1,1,1,0,1,1,1,1,1,1,1,1,1,0,1,1,0,0,1,1,0,1,1
0,1,1,0,1,1,1,0,1,1,0,0,0,1,1,0,0,1,0,1,1,1,1,1,1,1,1
0,0,0,1,1,1,1,1,0,1,1,0,1,1,1,1,1,0,1,0,0,0,1,1,1,0,1
0,0,0,0,0,1,0,0,1,1,0,0,1,1,1,1,0,0,1,0,0,0,0,0,0,0,0
1,1,1,0,1,0,1,1,0,1,0,0,1,0,1,0,1,0,1,1,0,0,1,0,1,1,1
1,1,1,0,1,0,1,1,0,1,0,0,1,0,1,0,1,0,1,1,0,0,1,0,1,1,1
0,1,0,0,0,0,0,0,0,1,1,0,0,0,0,0,0,0,1,0,0,0,0,0,1,1,0
0,0,0,1,0,0,0,0,1,1,0,1,1,0,1,1,1,0,1,1,1,0,0,1,1,0,1
0,0,1,1,0,0,0,1,1,1,0,1,0,1,0,0,0,1,0,0,1,1,1,1,0,1,1
0,0,0,0,0,0,0,0,1,1,0,0,0,0,0,0,0,0,1,0,0,0,0,0,0,1,0
1,0,1,1,1,0,1,0,0,1,1,0,0,0,1,0,1,0,1,1,1,0,1,1,1,1,1
1,1,0,0,0,0,0,0,1,1,0,0,1,1,1,0,1,0,0,1,1,0,0,0,0,1,0
0,0,0,0,0,1,1,0,0,1,1,1,1,1,1,0,1,1,0,1,1,0,1,1,0,0,1
0,0,0,0,0,0,0,0,1,1,1,0,1,1,0,1,0,0,1,0,0,0,0,1,0,0,0
1,0,0,0,0,0,1,0,0,1,1,0,1,0,1,1,1,0,1,1,1,0,0,0,1,1,1
0,0,0,0,0,0,1,0,1,1,1,0,1,1,1,0,1,0,0,0,0,1,1,1,0,0,0
0,0,1,0,0,1,0,1,0,1,0,0,0,0,0,0,1,1,0,0,1,0,1,0,0,1,0
0,1,0,0,1,0,0,0,1,1,1,0,0,1,0,0,1,0,1,0,1,0,0,0,0,0,0
1,1,1,1,1,1,1,0,1,1,0,1,0,1,0,1,1,0,1,0,0,0,0,0,0,0,1
0,0,0,0,0,0,0,1,1,1,1,1,1,1,1,1,0,0,1,0,0,0,0,0,0,0,0
1,1,1,1,1,1,1,1,1,1,1,1,1,1,1,0,0,0,1,1,1,1,1,1,1,1,1
1,0,0,0,0,0,0,0,0,1,0,0,1,0,1,0,0,0,1,1,1,0,0,0,0,1,0
1,1,0,0,0,0,1,0,0,1,1,0,1,0,0,1,1,0,1,0,0,0,0,0,0,1,0
1,0,1,1,1,0,0,1,1,1,0,1,0,0,1,1,1,1,0,1,1,0,1,0,0,1,1
1,0,0,0,0,0,0,0,0,1,0,0,0,0,1,0,0,0,0,1,0,1,0,0,1,1,0
1,0,1,1,1,0,0,1,0,1,0,0,0,1,1,0,0,0,1,1,1,0,1,1,0,0,1
1,1,0,0,1,0,1,1,0,1,0,0,0,0,0,0,1,0,1,0,1,0,0,1,1,1,1
0,0,0,0,1,1,1,0,0,1,1,0,1,0,0,1,1,0,1,1,0,0,0,0,0,1,0
1,0,0,0,1,0,0,0,1,1,1,1,0,1,1,0,0,0,1,0,0,0,1,0,0,0,0
1,0,0,1,1,0,1,1,0,1,1,1,0,0,1,1,1,1,1,0,0,0,1,1,1,0,1
1,1,0,1,1,0,0,1,1,1,0,1,0,0,0,0,1,0,1,1,0,0,0,0,0,0,0
1,1,0,1,1,1,0,0,1,1,1,0,0,0,1,0,1,1,0,1,0,0,1,1,1,1,1
0,1,0,1,1,0,1,1,1,1,0,1,0,0,1,1,1,0,1,1,1,0,1,1,1,1,1
1,1,1,0,1,0,1,1,1,1,0,1,1,1,1,0,1,0,0,1,1,0,1,1,0,1,1
0,1,1,0,0,0,0,0,0,1,0,1,0,0,0,0,1,0,0,0,0,0,0,0,0,1,0
0,1,0,0,0,0,0,0,1,1,0,0,1,0,0,0,1,0,1,1,0,0,0,1,0,0,0
0,0,0,0,0,0,0,0,1,1,0,1,0,0,0,0,0,0,1,0,0,0,0,1,0,1,0
1,1,0,0,1,0,1,0,1,1,0,1,0,0,0,0,1,0,1,1,0,0,1,1,0,1,1
0,0,0,0,1,0,0,0,1,1,0,0,1,0,0,1,0,0,1,0,0,0,0,0,0,0,0
1,1,0,0,1,1,1,0,1,1,0,0,0,0,1,1,1,0,0,1,0,0,1,1,0,0,1
1,0,0,0,0,0,1,1,1,1,0,0,1,1,1,1,0,0,1,0,0,0,0,0,0,1,0
0,1,0,0,1,0,1,1,1,1,1,1,0,1,0,1,1,0,1,0,0,0,1,1,0,0,1
1,1,0,0,1,0,0,1,0,1,1,1,0,1,1,1,0,0,1,0,1,1,1,1,1,1,1
0,0,0,0,0,0,0,0,0,1,0,1,0,1,0,0,0,0,0,0,0,0,0,0,0,1,0
0,0,0,0,0,0,1,1,1,1,0,1,1,1,1,0,1,0,1,1,0,1,1,1,0,1,1
1,1,0,0,1,0,0,1,1,1,1,0,1,1,1,0,0,0,1,0,1,0,1,0,0,1,1
0,1,0,0,1,1,1,1,1,1,0,0,1,1,1,1,1,0,1,1,1,1,1,0,0,0,1
0,1,0,0,0,0,0,0,0,1,1,0,0,0,0,1,1,0,0,0,0,0,0,0,0,0,0
1,0,0,0,1,0,0,1,1,1,1,1,0,1,0,0,0,0,1,0,0,0,0,1,0,1,0
0,0,0,0,0,0,0,0,0,1,0,0,0,0,0,0,0,0,0,0,1,0,0,0,0,1,0
1,0,0,0,0,0,0,1,0,1,1,0,1,1,0,0,1,0,1,0,0,0,0,0,0,0,0
1,1,1,1,1,0,1,1,0,1,1,0,1,1,0,0,1,0,1,0,1,0,1,1,0,1,1
0,0,1,0,0,0,0,0,0,1,0,0,0,0,1,0,0,0,1,0,0,0,0,0,0,1,0
0,1,0,0,0,1,1,1,0,1,1,0,1,1,0,1,1,0,1,1,0,0,0,1,0,1,1
0,1,1,0,0,0,0,0,1,1,0,0,1,0,1,1,0,0,1,0,0,0,0,1,0,0,0
0,1,0,0,0,0,1,1,0,1,0,0,0,0,1,0,0,0,1,0,0,0,1,0,0,0,0
1,0,1,0,1,1,1,1,0,1,0,1,0,1,1,1,0,1,1,1,0,0,1,1,0,1,1
0,1,0,0,1,0,0,1,1,1,1,1,1,0,0,0,1,0,1,1,0,0,0,1,1,0,1
0,0,0,0,1,0,0,1,1,1,1,0,0,0,0,0,0,0,1,1,1,0,0,0,0,0,0
1,1,1,0,1,0,1,1,1,1,0,0,1,0,1,1,0,0,1,0,0,0,0,0,0,1,1
0,0,1,0,0,0,0,0,1,1,0,0,0,1,1,0,0,0,1,1,0,1,1,1,1,1,1
1,0,1,0,0,1,1,1,0,1,1,0,1,0,1,0,1,0,1,0,0,1,0,0,1,1,1
0,0,0,0,1,1,0,1,1,1,1,0,1,0,1,1,0,0,1,0,0,0,0,0,0,0,0
0,1,1,0,0,0,0,0,0,1,0,0,0,0,1,0,0,0,1,0,0,0,1,0,0,1,0
1,0,0,0,0,0,0,1,1,1,0,1,1,1,1,1,0,0,0,1,1,0,0,1,0,0,1
0,0,0,0,1,0,0,1,1,1,0,1,1,0,0,0,0,0,1,1,0,0,1,1,0,1,0
0,0,0,0,0,1,0,1,0,1,0,0,1,0,1,0,0,0,1,1,0,0,1,1,0,1,0
0,0,1,0,1,0,0,1,1,1,0,1,1,0,1,1,0,0,0,1,1,0,1,1,1,0,1
0,0,1,0,0,1,1,1,1,1,0,1,0,1,0,1,1,0,1,1,0,0,1,1,0,1,1
0,1,1,0,0,1,1,1,1,1,0,1,1,0,1,1,0,0,1,1,0,0,1,1,1,1,1
1,0,1,1,1,1,1,0,0,1,0,0,0,1,0,0,1,1,0,1,1,1,1,1,1,1,1
1,0,0,0,0,1,0,1,0,1,0,0,1,0,1,1,0,0,1,1,0,0,1,1,0,1,1
1,0,1,0,0,0,1,1,0,1,0,0,1,1,1,0,0,0,1,0,1,0,0,0,0,0,0
0,0,0,1,1,1,1,0,0,1,1,1,0,1,0,1,0,1,0,0,1,1,1,1,0,1,1
1,0,0,0,0,1,1,0,1,1,1,0,0,1,1,1,0,0,1,1,1,0,1,1,1,1,1
1,0,1,0,0,1,0,0,1,1,1,1,1,0,1,0,1,0,1,1,1,0,0,1,0,1,1
1,0,0,0,0,1,0,1,1,1,1,0,1,0,1,0,1,0,1,0,1,0,0,0,0,1,1
0,1,0,1,1,1,1,1,0,1,1,0,1,1,1,1,1,0,1,0,0,0,1,1,1,1,1
1,1,1,0,0,1,0,0,0,1,1,1,1,0,1,0,1,0,1,1,0,0,1,1,0,1,1
1,1,1,1,0,0,0,1,1,1,1,0,1,0,0,0,1,0,1,0,1,0,0,1,0,1,1
1,0,1,0,0,1,1,1,1,1,0,0,0,0,0,1,0,0,1,0,1,0,0,1,1,1,1
1,0,0,0,0,0,0,1,1,1,1,0,1,1,1,0,0,1,1,1,1,0,1,0,0,0,1
0,0,0,0,0,0,1,1,0,1,1,0,1,0,1,1,1,0,1,1,0,0,0,1,0,0,0
1,0,1,0,0,1,0,1,1,1,1,1,1,0,1,0,0,0,1,1,0,0,1,1,0,1,1
0,1,1,1,1,1,0,1,1,1,1,0,1,1,1,1,0,0,0,1,0,0,0,0,0,0,1
1,1,0,0,0,0,0,1,0,1,1,0,0,0,1,1,1,1,1,1,1,0,1,0,1,0,1
0,0,0,0,1,1,0,1,1,1,1,1,0,1,0,0,1,0,1,1,1,0,0,0,1,1,1
1,0,0,0,1,1,0,1,1,1,0,1,1,0,1,0,0,0,0,1,1,0,1,1,0,1,1
1,0,1,0,0,1,0,0,0,1,0,0,1,1,1,0,1,0,1,1,1,0,0,1,1,1,1
1,0,0,0,0,0,0,1,1,1,0,1,1,1,1,0,0,0,1,1,1,1,0,1,0,0,1
1,1,1,0,0,1,1,1,1,1,1,0,0,1,0,0,0,0,1,1,1,1,1,1,1,1,1
1,1,0,0,0,0,0,1,0,1,1,0,0,0,1,1,1,1,1,1,1,0,1,0,1,0,1
1,1,1,0,1,1,0,1,1,1,0,0,1,1,1,0,0,0,1,1,1,0,1,1,1,0,1
1,1,1,0,1,1,0,1,1,1,0,0,0,0,1,0,1,0,1,1,1,0,0,1,1,0,1
1,1,0,1,1,1,1,1,1,1,1,1,1,0,1,1,1,0,0,1,0,1,1,1,0,1,1
1,1,0,1,0,0,1,1,1,1,1,1,0,0,0,0,1,1,0,1,1,0,0,1,1,1,1
0,0,0,0,0,0,1,0,0,1,0,1,1,1,1,1,1,0,1,1,0,0,1,0,1,1,1
0,0,0,0,0,0,0,1,0,1,1,1,1,0,1,1,1,0,1,0,0,0,0,0,0,0,0
1,1,0,1,1,1,0,0,0,1,0,0,0,1,0,0,1,1,0,1,1,0,1,1,1,1,1
1,1,0,0,0,0,0,1,0,1,1,0,0,0,1,0,1,1,1,1,0,1,1,0,0,1,1
1,0,1,0,1,1,1,1,1,1,1,1,0,0,1,0,1,1,0,1,0,0,1,1,1,1,1
0,1,0,0,0,0,0,1,1,1,1,0,1,1,1,1,0,0,1,0,0,0,0,0,0,0,0
1,0,1,1,0,0,0,1,1,1,1,1,0,1,1,1,1,1,0,1,1,0,1,1,1,1,1
1,0,1,1,0,0,0,0,1,1,0,0,0,0,1,0,0,1,0,1,1,0,0,1,0,1,0
1,1,1,1,1,0,1,0,0,1,0,0,0,1,0,0,0,0,0,1,0,0,0,1,0,0,0
1,0,0,0,1,0,0,0,0,1,0,1,0,1,1,1,1,0,1,0,0,0,0,1,0,1,0
0,1,0,0,0,0,0,0,0,1,0,1,0,1,1,1,0,0,0,1,0,0,0,0,0,0,0
1,1,1,1,1,1,0,0,0,1,1,1,1,0,0,0,1,1,0,0,1,0,1,1,1,0,1
1,1,1,0,0,0,1,0,0,1,0,0,0,1,1,0,0,1,0,1,1,0,1,1,1,0,1
0,1,1,1,0,0,0,0,0,1,0,0,1,0,1,1,1,1,1,1,0,0,1,1,0,1,1
1,0,0,1,0,0,0,0,0,1,0,0,0,0,0,1,0,0,0,0,0,0,1,1,0,0,0
1,0,1,1,0,0,0,0,1,1,0,1,0,0,1,1,0,0,0,1,0,0,1,1,1,0,1
1,0,1,0,0,0,0,1,1,1,0,0,0,0,0,1,1,0,0,1,0,0,0,1,0,1,0
1,1,1,0,1,0,1,1,0,1,0,0,0,1,1,1,1,1,0,1,1,0,0,0,0,0,1
0,1,1,0,1,1,0,1,0,1,1,1,0,0,1,0,0,1,1,1,0,1,0,1,0,1,1
1,0,1,1,0,0,0,1,1,1,1,0,0,0,0,0,0,0,1,1,0,0,1,0,0,1,0
0,1,1,0,1,0,1,1,0,1,0,0,0,0,1,0,0,0,0,0,0,1,0,1,0,1,0
0,1,0,0,0,1,0,0,1,1,0,0,0,0,1,0,0,0,0,0,0,0,0,1,0,0,0
0,1,0,1,0,1,0,0,0,1,0,0,0,1,1,0,1,0,0,0,0,0,0,1,0,1,0
1,1,0,0,0,0,0,0,0,1,0,1,1,1,0,0,1,0,0,0,0,0,0,1,0,1,0
1,0,0,0,0,0,0,0,0,1,0,0,1,0,1,0,0,0,1,1,0,0,0,1,1,1,0
1,0,0,0,0,0,0,1,1,1,0,1,0,0,0,0,1,0,0,1,0,1,0,1,1,0,0
0,1,1,1,1,1,0,1,0,1,0,0,0,1,0,0,1,1,1,1,1,0,1,1,1,0,1
1,1,1,0,1,1,0,1,0,1,1,1,0,0,0,0,0,1,0,0,0,0,0,0,0,1,0
0,1,1,1,1,0,1,1,0,1,1,1,0,0,1,1,1,1,1,0,1,1,1,0,0,1,1
0,1,0,1,1,0,1,0,1,1,0,0,0,1,0,0,1,1,0,0,1,1,1,0,0,0,1
